"","V1","V2"
"1","Carex_tumidula|JAP|NCBI_Seki_3378","159.413858300348"
"2","Carex_grandiligulata|CHS|spm00000056","159.413858300348"
"3","Carex_densifimbriata|CH|NCBI_Liuo_2556","1.26910428632855"
"4","Carex_glossostigma|CHS|spm00007875","1.47585601964936"
"5","Carex_lingii|CH|NCBI_Yang_3761","159.413858300348"
"6","Carex_scaposa|CHC|spm00007891","159.413858300348"
"7","Carex_kwangsiensis|CH|NCBI_Liuo_2555","159.413858300348"
"8","Carex_ciliatomarginata|CH|NCBI_Jin_2300","0.167916001589413"
"9","Carex_okamotoi|KOR|NCBI_Hoshino_2100","159.413858300348"
"10","Carex_siderosticta||spm00007900","0.789971649158481"
"11","Carex_subcapitata|CH|NCBI_Jin_2301","0.922884008626559"
"12","Carex_satsumensis|TAI|spm00005838","0.177660722010561"
"13","Carex_bostrychostigma|JAP|spm00003784","0.360565713927916"
"14","Carex_dissitiflora|JAP|spm00007871","0.360565713927916"
"15","Carex_distachya|SPA|spm00000588","0.138269380945595"
"16","Carex_peregrina|MDR|spm00000564","0.657451067608175"
"17","Carex_pulicaris|GRB|spm00005180","0.657451067608175"
"18","Carex_oedipostyla|SPA|spm00000587","159.413858300348"
"19","Carex_schweickerdtii|NAT|spm00007770","159.413858300348"
"20","Carex_multispiculata|NAT|spm00003765","159.413858300348"
"21","Carex_capensis|CPP|spm00003263","0.242406092866883"
"22","Carex_killickii|NAT|spm00007793","1.39518192414976"
"23","Carex_parvirufa|NAT|spm00003224","0.0122609648526701"
"24","Carex_badilloi|NAT|spm00003223","0.813759889595208"
"25","Carex_uhligii|NAT|spm00003194","159.413858300348"
"26","Carex_alatauensis|AFG|spm00003401","159.413858300348"
"27","Carex_simpliciuscula|CHT|spm00003402","159.413858300348"
"28","Carex_clavispica|EHM|spm00005903","159.413858300348"
"29","Carex_myosuroides|FRA|spm00005196","0.00795646525448883"
"30","Carex_onoei|CHM|spm00004513","0.0819269149218667"
"31","Carex_leptalea|MIC|spm00001032","0.663673712291351"
"32","Carex_filifolia_var_filifolia|CAL|spm00001432","159.413858300348"
"33","Carex_anthoxanthea|WAS|spm00001568","159.413858300348"
"34","Carex_pauciflora|ASK|spm00001142","0.00253009284141591"
"35","Carex_pyrenaica|SPA|spm00000582","0.00253009284141591"
"36","Carex_micropoda|ASK|spm00001632","0.00253009284141591"
"37","Carex_nigricans|ASK|spm00001638","0.00253009284141591"
"38","Carex_microglochin|NOR|spm00001705","0.00114126456576662"
"39","Carex_nardina|QUE|spm00001510","0.00114126456576662"
"40","Carex_rupestris|FRA|spm00005213","0.00114126456576662"
"41","Carex_argunensis|KHA|spm00006472","0.00114126456576662"
"42","Carex_obtusata|MAN|spm00001107","0.00114126456576662"
"43","Carex_runssoroensis|UGA|spm00000227","0.00114126456576662"
"44","Carex_capitata|KRA|spm00002036","0.00114126456576662"
"45","Carex_latebracteata|ARK|spm00001383","0.0019256972716277"
"46","Carex_jamesii|ALA|spm00000630","0.0019256972716277"
"47","Carex_phleoides_ssp_phleoides|CLC|spm00005103","0.0019256972716277"
"48","Carex_parvispica||spm00004427","0.0019256972716277"
"49","Carex_subtilis||spm00004415","0.0019256972716277"
"50","Carex_longifructus||spm00004426","0.0019256972716277"
"51","Carex_drucei||spm00004418","0.0019256972716277"
"52","Carex_erebus||spm00004424","0.0019256972716277"
"53","Carex_austrocompacta|TDC|spm00005930","0.0019256972716277"
"54","Carex_crispa||spm00004422","0.0019256972716277"
"55","Carex_edura|NZS|spm00002184","0.0019256972716277"
"56","Carex_corynoidea|NZ|spm00005087","0.0019256972716277"
"57","Carex_megalepis|NZ|spm00005089","0.0019256972716277"
"58","Carex_perplexa||spm00004409","0.0019256972716277"
"59","Carex_uncinata|NZN|spm00005112","0.0019256972716277"
"60","Carex_imbecilla||spm00004419","0.0019256972716277"
"61","Carex_obtusifolia||spm00004428","0.0019256972716277"
"62","Carex_zotovii||spm00004411","0.0019256972716277"
"63","Carex_astricta||spm00004420","0.0019256972716277"
"64","Carex_aucklandica||spm00004410","0.0019256972716277"
"65","Carex_horizontalis|NZS|spm00005106","0.0019256972716277"
"66","Carex_minor||spm00004412","0.0019256972716277"
"67","Carex_banksiana|NZ|spm00005085","0.0019256972716277"
"68","Carex_subviridis||spm00004429","0.0019256972716277"
"69","Carex_penalpina|NZS|NCBI_AUTHOR_Gardner_335","0.0019256972716277"
"70","Carex_strictissima|NZS|spm00004413","0.0019256972716277"
"71","Carex_punicea|NZS|spm00005105","0.0019256972716277"
"72","Carex_purpurata||spm00004431","0.0019256972716277"
"73","Carex_egmontiana||spm00004416","0.0019256972716277"
"74","Carex_silvestris||spm00004421","0.0019256972716277"
"75","Carex_hamlinii|NZS|NCBI_AUTHOR_Gardner_333","0.0019256972716277"
"76","Carex_umbricola||spm00005220","0.0019256972716277"
"77","Carex_healyi|NZN|spm00005107","0.0019256972716277"
"78","Carex_cyanea|NZ|spm00005097","0.0019256972716277"
"79","Carex_erythrovaginata|NZ|spm00005096","0.0019256972716277"
"80","Carex_potens||spm00004430","0.0019256972716277"
"81","Carex_gibba|CHH|spm00005244","159.413858300348"
"82","Carex_bromoides|WIS|spm00002284","0.234177670993346"
"83","Carex_maackii|JAP|spm00002491","159.413858300348"
"84","Carex_inversa|NZ|NCBI_AUTHOR_Gardner_286","159.413858300348"
"85","Carex_colensoi|NZ|NCBI_AUTHOR_Gardner_328","159.413858300348"
"86","Carex_disperma|ASK|spm00001652","159.413858300348"
"87","Carex_pseudocuraica|CH|spm00002605","0.612202863453481"
"88","Carex_chordorrhiza|BRC|spm00001925","159.413858300348"
"89","Carex_pseudofoetida_ssp_pseudofoetida|CHQ|spm00005820","0.74576500664374"
"90","Carex_maritima|YUK|spm00002500","0.74576500664374"
"91","Carex_paxii|JAP|spm00006668","159.413858300348"
"92","Carex_curaica|KRA|spm00002337","159.413858300348"
"93","Carex_sartwellii|BRC|spm00001982","159.413858300348"
"94","Carex_lithophila|KOR|spm00000328","159.413858300348"
"95","Carex_disticha|ONT|spm00005395","159.413858300348"
"96","Carex_roraimensis||NCBI_Reznicek_3159","159.413858300348"
"97","Carex_foenea|BRC|spm00002000","159.413858300348"
"98","Carex_praticola|COL|spm00001163","159.413858300348"
"99","Carex_argyrantha|MRY|spm00000734","159.413858300348"
"100","Carex_phaeocephala|NEV|spm00001193","159.413858300348"
"101","Carex_davyi|CAL|spm00001459","159.413858300348"
"102","Carex_bohemica|FIN|spm00002276","159.413858300348"
"103","Carex_integra|CAL|spm00000977","159.413858300348"
"104","Carex_abrupta|CAL|spm00002224","159.413858300348"
"105","Carex_mariposana|ARI|spm00001884","159.413858300348"
"106","Carex_fracta|CAL|spm00000896","159.413858300348"
"107","Carex_multicostata|CAL|spm00001093","2.66617502710941"
"108","Carex_peucophila|MXC|spm00002576","159.413858300348"
"109","Carex_haydeniana|UTA|spm00002432","159.413858300348"
"110","Carex_microptera|COL|spm00001880","159.413858300348"
"111","Carex_ebenea|ARI|spm00001870","159.413858300348"
"112","Carex_macloviana||spm00002163","1.74118144312056"
"113","Carex_subfusca|CAL|spm00001868","1.74118144312056"
"114","Carex_harfordii|CAL|spm00000965","1.74118144312056"
"115","Carex_preslii|ORE|spm00001174","1.74118144312056"
"116","Carex_pachystachya|ASK|spm00001864","1.74118144312056"
"117","Carex_subbracteata|CAL|spm00001955","1.74118144312056"
"118","Carex_gracilior|CAL|spm00001692","1.74118144312056"
"119","Carex_adusta|ABT|spm00002072","159.413858300348"
"120","Carex_petasata|UTA|spm00001192","159.413858300348"
"121","Carex_xerantica|ONT|spm00001913","159.413858300348"
"122","Carex_sychnocephala|ONT|spm00001900","159.413858300348"
"123","Carex_athrostachya|CAL|spm00000727","0.212770093469424"
"124","Carex_leporinella|WAS|spm00001613","0.212770093469424"
"125","Carex_ozarkana|ARK|spm00002557","1.1238252032075"
"126","Carex_straminea|DEL|spm00001252","1.1238252032075"
"127","Carex_hormathodes|NSC|spm00002114","1.1238252032075"
"128","Carex_longii|ARK|spm00001001","159.413858300348"
"129","Carex_vexans|FLA|spm00001366","159.413858300348"
"130","Carex_alata|ALA|spm00000687","159.413858300348"
"131","Carex_suberecta|ARK|spm00001559","159.413858300348"
"132","Carex_scoparia|MAI|spm00001255","159.413858300348"
"133","Carex_albolutescens|OKL|spm00000694","159.413858300348"
"134","Carex_waponahkikensis|MAI|spm00002632","159.413858300348"
"135","Carex_feta|CAL|spm00000893","159.413858300348"
"136","Carex_leporina|WIS|spm00001780","159.413858300348"
"137","Carex_tetrastachya|TEX|spm00001269","159.413858300348"
"138","Carex_tincta|MAI|spm00001342","0.321532915010807"
"139","Carex_hyalina|MSI|spm00000912","0.56936264628936"
"140","Carex_molesta|DEL|spm00001070","159.413858300348"
"141","Carex_brevior|BRC|spm00001823","159.413858300348"
"142","Carex_molestiformis|ARK|spm00001073","159.413858300348"
"143","Carex_festucacea|TEX|spm00000892","159.413858300348"
"144","Carex_normalis|ALA|spm00001059","159.413858300348"
"145","Carex_silicea|DEL|spm00001232","159.413858300348"
"146","Carex_oronensis|MAI|spm00001898","159.413858300348"
"147","Carex_tenera|MAN|spm00001750","159.413858300348"
"148","Carex_echinodes|WIS|spm00002699","159.413858300348"
"149","Carex_reniformis|GEO|spm00001187","159.413858300348"
"150","Carex_bicknellii|INI|spm00000744","159.413858300348"
"151","Carex_merrittfernaldii|MAN|spm00001051","159.413858300348"
"152","Carex_muskingumensis|MIC|spm00001115","159.413858300348"
"153","Carex_shinnersii|TEN|spm00001225","159.413858300348"
"154","Carex_missouriensis|ILL|spm00001067","159.413858300348"
"155","Carex_opaca|OKL|spm00001133","159.413858300348"
"156","Carex_cumulata|ILL|spm00000871","159.413858300348"
"157","Carex_crawfordii|ILL|spm00002161","159.413858300348"
"158","Carex_cristatella|KTY|spm00000800","159.413858300348"
"159","Carex_tribuloides_var_tribuloides|SCA|spm00001323","159.413858300348"
"160","Carex_bebbii|MAN|spm00000745","159.413858300348"
"161","Carex_tribuloides_var_sangamonensis|MSI|spm00002714","159.413858300348"
"162","Carex_projecta|MAN|spm00001176","159.413858300348"
"163","Carex_albata|JAP|spm00005254","0.241237820606225"
"164","Carex_nubigena|CHC|spm00003362","0.241237820606225"
"165","Carex_neurocarpa|PRM|spm00006483","0.241237820606225"
"166","Carex_leiorhyncha|KOR|spm00002471","1.16226578144966"
"167","Carex_kobomugi|VRG|spm00000979","0.241237820606225"
"168","Carex_retroflexa|DEL|spm00001190","0.3129165141243"
"169","Carex_deweyana_var_deweyana|MAN|spm00001039","159.413858300348"
"170","Carex_infirminervia|CAL|spm00001398","0.0397052399478185"
"171","Carex_leptopoda|BRC|spm00001399","159.413858300348"
"172","Carex_bolanderi|CAL|spm00001414","159.413858300348"
"173","Carex_appropinquata|GER|spm00002248","1.22213608465815"
"174","Carex_appressa_var_appressa|NSW|spm00002189","0.0972091540751441"
"175","Carex_elongata|RUC|spm00005949","0.40649056563165"
"176","Carex_exilis|DEL|spm00000887","3.51287120237343"
"177","Carex_seorsa|DEL|spm00001242","3.51287120237343"
"178","Carex_echinata_ssp_echinata|ASK|spm00001633","3.51287120237343"
"179","Carex_interior|MIC|spm00000972","3.51287120237343"
"180","Carex_atlantica_ssp_atlantica|FLA|spm00000718","3.51287120237343"
"181","Carex_laeviculmis|CAL|spm00001397","0.555267739839491"
"182","Carex_illota|CAL|spm00000961","1.83544021286753"
"183","Carex_arcta|ASK|spm00000710","1.83544021286753"
"184","Carex_bonanzensis|ASK|spm00001820","159.413858300348"
"185","Carex_traiziscana|JAP|spm00006095","159.413858300348"
"186","Carex_arctiformis|BRC|spm00001851","159.413858300348"
"187","Carex_canescens_ssp_canescens|FIN|spm00005994","159.413858300348"
"188","Carex_canescens_ssp_disjuncta|NFL|spm00001496","159.413858300348"
"189","Carex_lapponica|ASK|spm00001641","159.413858300348"
"190","Carex_lucennoiberica|SPA|spm00006015","0.446208357228489"
"191","Carex_furva|SPA|spm00006018","0.100500186003159"
"192","Carex_brunnescens_ssp_sphaerostachya|ONT|spm00005986","0.0837230057351472"
"193","Carex_brunnescens_ssp_brunnescens|FIN|spm00005972","0.0837230057351472"
"194","Carex_tenuiflora|MAN|spm00001313","159.413858300348"
"195","Carex_loliacea|ASK|spm00001650","0.206303206939991"
"196","Carex_marina_ssp_marina|MAN|spm00001746","0.206303206939991"
"197","Carex_trisperma_var_trisperma|GNL|spm00006097","159.413858300348"
"198","Carex_heleonastes|ABT|spm00001954","159.413858300348"
"199","Carex_glareosa_ssp_glareosa|MAN|spm00001756","159.413858300348"
"200","Carex_ursina|YUK|spm00001975","159.413858300348"
"201","Carex_nemurensis|SAK|spm00006074","0.269599735488493"
"202","Carex_mackenziei|ASK|spm00001657","159.413858300348"
"203","Carex_lachenalii_ssp_lachenalii|ASK|spm00001640","159.413858300348"
"204","Carex_glomerabilis|CPP|spm00000194","1.04542109585586"
"205","Carex_spicata_ssp_spicata|BUL|spm00001272","159.413858300348"
"206","Carex_vulpina|GER|NCBI_HMH_2086","159.413858300348"
"207","Carex_otrubae|SPA|spm00000559","159.413858300348"
"208","Carex_divulsa|NET|spm00004392","159.413858300348"
"209","Carex_leersii|NET|spm00004394","6.48380386655328"
"210","Carex_pairae|SPA|spm00004403","6.48380386655328"
"211","Carex_muricata_ssp_muricata|POL|spm00004400","0.0999101402651731"
"212","Carex_canariensis|CNY|spm00002291","2.68980625907995"
"213","Carex_paniculata_ssp_paniculata|GRC|spm00006108","159.413858300348"
"214","Carex_divisa|MRY|spm00002064","1.24903098621878"
"215","Carex_duriuscula|ASK|spm00001653","159.413858300348"
"216","Carex_stenophylla|HUN|spm00002178","159.413858300348"
"217","Carex_davalliana|FIN|spm00003596","159.413858300348"
"218","Carex_dioica|SWE|spm00004523","0.323625548587834"
"219","Carex_parallela|KHA|spm00006471","0.323625548587834"
"220","Carex_gynocrates|ASK|spm00001630","0.323625548587834"
"221","Carex_rochebrunii|CHT|spm00006409","1.76575705532506"
"222","Carex_planata|JAP|spm00005429","0.736395932616656"
"223","Carex_remota|YUG|spm00006118","1.76575705532506"
"224","Carex_arenaria|DEL|spm00000733","1.76575705532506"
"225","Carex_simulata|CAL|spm00001284","159.413858300348"
"226","Carex_cusickii|BRC|spm00002004","159.413858300348"
"227","Carex_diandra|CAL|spm00000840","159.413858300348"
"228","Carex_prairea|BRC|spm00001951","159.413858300348"
"229","Carex_decomposita|DEL|spm00000836","159.413858300348"
"230","Carex_conferta|ETH|spm00000184","159.413858300348"
"231","Carex_cephalophora|MRY|spm00000828","159.413858300348"
"232","Carex_muehlenbergii_var_muehlenbergii|WIS|spm00002520","159.413858300348"
"233","Carex_conjuncta|DEL|spm00000784","159.413858300348"
"234","Carex_alopecoidea|ILL|spm00001728","159.413858300348"
"235","Carex_cephaloidea|MAI|spm00000804","159.413858300348"
"236","Carex_sparganioides|DEL|spm00001289","159.413858300348"
"237","Carex_aggregata|KTY|spm00000685","159.413858300348"
"238","Carex_gravida|TEN|spm00000970","159.413858300348"
"239","Carex_mesochorea|ALA|spm00001097","159.413858300348"
"240","Carex_leavenworthii|KTY|spm00005410","159.413858300348"
"241","Carex_ussuriensis|CHS|spm00000533","1.31333572282751"
"242","Carex_eburnea|MIC|spm00000842","1.31333572282751"
"243","Carex_alba|SPA|spm00000584","1.31333572282751"
"244","Carex_brunnea|CHC|spm00007866","2.77130450063442"
"245","Carex_longicruris|EHM|spm00005770","1.31333572282751"
"246","Carex_tristachya_var_pocilliformis|KOR|spm00000352","159.413858300348"
"247","Carex_tristachya_var_tristachya|CHS|spm00000132","159.413858300348"
"248","Carex_breviscapa|VIE|spm00007865","159.413858300348"
"249","Carex_kumaonensis|EHM|spm00005764","1.50438085752791"
"250","Carex_cruciata|CHC|spm00005699","2.99547758449817"
"251","Carex_filicina|VIE|spm00007873","0.302593216524679"
"252","Carex_assiniboinensis|MAN|spm00000722","0.892416618067945"
"253","Carex_fusiformis|EHM|spm00005727","159.413858300348"
"254","Carex_macrolepis|ITA|spm00000536","159.413858300348"
"255","Carex_mucronata|ITA|spm00000534","159.413858300348"
"256","Carex_tristis|IRN|spm00000599","2.68854993638451"
"257","Carex_fuliginosa_ssp_misandra|ASK|spm00001627","2.68854993638451"
"258","Carex_stenocarpa|CHC|spm00003385","0.831829236963849"
"259","Carex_kitaibeliana|YUG|spm00000539","159.413858300348"
"260","Carex_metallica|JAP|NCBI_AUTHOR_Senni_586","159.413858300348"
"261","Carex_petricosa_var_petricosa|NWT|NCBI_Gillespie_1850","159.413858300348"
"262","Carex_baccans||spm00007862","159.413858300348"
"263","Carex_myosurus|VIE|spm00007888","159.413858300348"
"264","Carex_rufulistolon|EHM|spm00005833","159.413858300348"
"265","Carex_inanis|EHM|spm00005746","159.413858300348"
"266","Carex_melanocarpa|KHA|spm00003594","1.96725375962382"
"267","Carex_ericetorum|ITA|spm00000551","1.96725375962382"
"268","Carex_hebecarpa|EHM|spm00005738","0.246896538070656"
"269","Carex_halleriana|SPA|spm00000557","159.413858300348"
"270","Carex_rorulenta|BAL|spm00003474","159.413858300348"
"271","Carex_quadriflora|KOR|spm00000347","159.413858300348"
"272","Carex_ornithopoda_ssp_ornithopoda|YUG|spm00000560","159.413858300348"
"273","Carex_digitata|ITA|spm00000569","159.413858300348"
"274","Carex_concinna|MAN|NCBI_Kuzmina_2468","159.413858300348"
"275","Carex_richardsonii|MRY|spm00001220","159.413858300348"
"276","Carex_lanceolata|CHM|spm00006393","159.413858300348"
"277","Carex_humilis|GER|NCBI_WM_3755","159.413858300348"
"278","Carex_callitrichos|KOR|spm00000335","159.413858300348"
"279","Carex_rhizina_ssp_rhizina|AUT|spm00002182","1.49183740028092"
"280","Carex_pediformis_ssp_macroura|FIN|spm00003598","1.49183740028092"
"281","Carex_brachyanthera|NWG|spm00007129","2.41525749185788"
"282","Carex_pediformis_ssp_pediformis|CHC|spm00003390","159.413858300348"
"283","Carex_liparocarpos_ssp_liparocarpos|SPA|spm00000556","0.813582538948216"
"284","Carex_glacialis|NFL|spm00001488","1.20275880061827"
"285","Carex_supina_var_supina|TCS|spm00006391","1.20275880061827"
"286","Carex_supina_var_spaniocarpa|ASK|spm00001794","1.20275880061827"
"287","Carex_fritschii|HUN|spm00002174","0.241826088553353"
"288","Carex_montana|YUG|spm00000543","1.20275880061827"
"289","Carex_riloensis|BUL|spm00003599","1.20275880061827"
"290","Carex_tricolor|BUL|spm00003600","1.20275880061827"
"291","Carex_pilulifera|POR|spm00000583","159.413858300348"
"292","Carex_nigromarginata|ALA|spm00001121","159.413858300348"
"293","Carex_microrhyncha|KAN|spm00004537","159.413858300348"
"294","Carex_deflexa_var_deflexa|BRC|spm00002125","159.413858300348"
"295","Carex_communis_var_communis|QUE|NCBI_Waterway_3720","159.413858300348"
"296","Carex_pensylvanica|MAN|spm00001171","159.413858300348"
"297","Carex_albicans_var_emmonsii|DEL|spm00000699","159.413858300348"
"298","Carex_tonsa||spm00001317","159.413858300348"
"299","Carex_umbellata|DEL|spm00001376","159.413858300348"
"300","Carex_lucorum|NCA|spm00001736","159.413858300348"
"301","Carex_novaeangliae|MAI|spm00001061","159.413858300348"
"302","Carex_pudica|JAP|spm00006673","159.413858300348"
"303","Carex_makinoensis|JAP|spm00006665","159.413858300348"
"304","Carex_blepharicarpa|KOR|spm00000323","159.413858300348"
"305","Carex_reinii|JAP|spm00006675","159.413858300348"
"306","Carex_gifuensis|KOR|spm00000331","159.413858300348"
"307","Carex_mira|KOR|NCBI_Jung_2372","159.413858300348"
"308","Carex_fulvorubescens|JAP|spm00006431","159.413858300348"
"309","Carex_speciosa_ssp_speciosa|EHM|spm00005853","159.413858300348"
"310","Carex_laticeps|JAP|NCBI_Waterway_3656","159.413858300348"
"311","Carex_xiphium|KOR|NCBI_Jung_2387","159.413858300348"
"312","Carex_nodaeana|CHM|spm00003470","159.413858300348"
"313","Carex_michelii|HUN|spm00002175","159.413858300348"
"314","Carex_brevicollis|TCS|spm00003478","159.413858300348"
"315","Carex_boottiana|JAP|NCBI_Waterway_3657","159.413858300348"
"316","Carex_insaniae_var_insaniae|JAP|spm00005753","159.413858300348"
"317","Carex_insaniae_var_papillaticulmis|JAP|NCBI_Waterway_3659","159.413858300348"
"318","Carex_stenostachys|JAP|spm00006689","159.413858300348"
"319","Carex_pisiformis_var_sikokiana|KOR|spm00000349","159.413858300348"
"320","Carex_umbrosa_ssp_sabynensis||NCBI_Murray_2912","159.413858300348"
"321","Carex_wahuensis_ssp_robusta||NCBI_Amano_SM00027","159.413858300348"
"322","Carex_sociata|JAP|spm00006686","159.413858300348"
"323","Carex_tsushimensis|KOR|spm00000353","159.413858300348"
"324","Carex_foliosissima|JAP|NCBI_Waterway_3660","159.413858300348"
"325","Carex_morrowii|JAP|spm00006680","159.413858300348"
"326","Carex_macrandrolepis|KOR|spm00000337","5.72882782553762"
"327","Carex_pisiformis_var_pisiformis|CHS|spm00000095","5.72882782553762"
"328","Carex_mitrata_var_mitrata|CHS|spm00000085","5.72882782553762"
"329","Carex_nervata|KOR|spm00000010","5.72882782553762"
"330","Carex_breviculmis_var_breviculmis|NZ|NCBI_AUTHOR_Gardner_314","5.72882782553762"
"331","Carex_caryophyllea|SPA|spm00002063","5.72882782553762"
"332","Carex_umbrosa_ssp_huetiana|TCS|spm00003480","5.72882782553762"
"333","Carex_microtricha|SAK|spm00006763","5.72882782553762"
"334","Carex_depressa_ssp_transsilvanica|YUG|spm00000546","5.72882782553762"
"335","Carex_depressa_ssp_depressa|SPA|spm00000550","5.72882782553762"
"336","Carex_depressa_ssp_basilaris|SPA|spm00000547","5.72882782553762"
"337","Carex_tomentosa|SPA|spm00000568","0.204966487715013"
"338","Carex_cruenta|CHQ|spm00005700","159.413858300348"
"339","Carex_coriophora|CHQ|spm00005694","159.413858300348"
"340","Carex_atrofusca|ASK|spm00001654","159.413858300348"
"341","Carex_firma|ITA|spm00000520","159.413858300348"
"342","Carex_sempervirens_ssp_sempervirens|SWI|spm00000540","159.413858300348"
"343","Carex_fimbriata|SWI|spm00000552","159.413858300348"
"344","Carex_depauperata|YUG|spm00000574","159.413858300348"
"345","Carex_asturica|SPA|spm00004385","159.413858300348"
"346","Carex_acaulis|CLS|spm00000518","159.413858300348"
"347","Carex_flacca_ssp_erythrostachys|BAL|spm00000524","1.80757034379672"
"348","Carex_flacca_ssp_flacca|GRB|NCBI_Hill_1959","1.80757034379672"
"349","Carex_hispida|KRI|spm00000549","159.413858300348"
"350","Carex_grioletii|SPA|spm00000585","159.413858300348"
"351","Carex_ferruginea|SWI|spm00000531","159.413858300348"
"352","Carex_caudata|SPA|spm00000529","159.413858300348"
"353","Carex_brachystachys|SPA|NCBI_HeRB_1939","159.413858300348"
"354","Carex_austroalpina|SPA|spm00000535","159.413858300348"
"355","Carex_pilosa|YUG|spm00000563","0.439201412259334"
"356","Carex_vaginata|YUK|spm00001974","159.413858300348"
"357","Carex_panicea|MAI|spm00001906","1.95029146189113"
"358","Carex_papulosa|KOR|spm00000016","159.413858300348"
"359","Carex_laxa|ASK|spm00001643","159.413858300348"
"360","Carex_filipes|JAP|NCBI_Waterway_3666","159.413858300348"
"361","Carex_arisanensis|TAI|spm00006420","159.413858300348"
"362","Carex_jackiana_ssp_parciflora|JAP|NCBI_Waterway_3674","159.413858300348"
"363","Carex_olbiensis|SPA|spm00000586","159.413858300348"
"364","Carex_manhartii|GEO|spm00001761","159.413858300348"
"365","Carex_purpurifera|KTY|spm00001470","159.413858300348"
"366","Carex_woodii|IOW|spm00001790","159.413858300348"
"367","Carex_tetanica|MAN|spm00001314","159.413858300348"
"368","Carex_meadii|MAN|spm00001742","159.413858300348"
"369","Carex_livida|NWJ|spm00001410","159.413858300348"
"370","Carex_aurea||spm00000767","159.413858300348"
"371","Carex_garberi|ASK|spm00001624","159.413858300348"
"372","Carex_bicolor|ASK|spm00001622","159.413858300348"
"373","Carex_leptonervia|MAN|spm00001394","159.413858300348"
"374","Carex_albursina|KTY|spm00001384","0.658829332011393"
"375","Carex_crebriflora||spm00001043","159.413858300348"
"376","Carex_styloflexa|GEO|spm00001299","159.413858300348"
"377","Carex_blanda|TEN|spm00001819","159.413858300348"
"378","Carex_gracilescens|KTY|spm00000927","159.413858300348"
"379","Carex_radfordii|SCA|spm00001438","159.413858300348"
"380","Carex_laxiflora|MIC|spm00001023","159.413858300348"
"381","Carex_striatula|DEL|spm00001264","159.413858300348"
"382","Carex_pedunculata|MAS|spm00001147","159.413858300348"
"383","Carex_heterolepis|KOR|NCBI_Jung_2360","159.413858300348"
"384","Carex_forficula|KOR|NCBI_Na_2984","159.413858300348"
"385","Carex_phacota|KOR|spm00000344","159.413858300348"
"386","Carex_dimorpholepis|KOR|NCBI_Na_2916","159.413858300348"
"387","Carex_intumescens|MAI|spm00000975","159.413858300348"
"388","Carex_grayi|TEN|spm00000924","159.413858300348"
"389","Carex_frankii|ALA|spm00000939","0.728803175928188"
"390","Carex_retrorsa|MIC|spm00001210","159.413858300348"
"391","Carex_lupuliformis|FLA|spm00001011","159.413858300348"
"392","Carex_lupulina|MRY|spm00001078","159.413858300348"
"393","Carex_comosa|CAL|spm00000826","159.413858300348"
"394","Carex_pseudocyperus|MIC|spm00001179","159.413858300348"
"395","Carex_hystericina|ARK|spm00001081","159.413858300348"
"396","Carex_capricornis||NCBI_AUTHOR_Shekhovtsov_642","159.413858300348"
"397","Carex_maorica|NZ|NCBI_AUTHOR_Gardner_289","159.413858300348"
"398","Carex_lurida|FLA|spm00001082","159.413858300348"
"399","Carex_oligosperma|NWH|spm00001112","159.413858300348"
"400","Carex_houghtoniana|MAN|spm00001446","159.413858300348"
"401","Carex_hirta|PEN|spm00000947","159.413858300348"
"402","Carex_pumila|NCA|spm00002067","159.413858300348"
"403","Carex_fedia|PAK|spm00005718","159.413858300348"
"404","Carex_songorica|TZK|spm00003384","159.413858300348"
"405","Carex_laeviconica|TEN|spm00001887","159.413858300348"
"406","Carex_atherodes|BRC|spm00001849","159.413858300348"
"407","Carex_sordida|CHM|spm00004515","159.413858300348"
"408","Carex_drymophila|JAP|NCBI_Waterway_3672","159.413858300348"
"409","Carex_riparia|GRB|NCBI_Blackstock_SM00004","159.413858300348"
"410","Carex_lacustris|MAN|spm00000991","159.413858300348"
"411","Carex_melanostachya||spm00001550","159.413858300348"
"412","Carex_pellita|CAL|spm00001148","159.413858300348"
"413","Carex_lasiocarpa_var_lasiocarpa|SPA|spm00000576","159.413858300348"
"414","Carex_vesicata||NCBI_AUTHOR_Shekhovtsov_614","159.413858300348"
"415","Carex_vesicaria|DEL|spm00001360","159.413858300348"
"416","Carex_saxatilis|UTA|spm00001223","159.413858300348"
"417","Carex_membranacea|ASK|spm00001050","159.413858300348"
"418","Carex_rostrata|WAS|spm00001600","159.413858300348"
"419","Carex_jacutica||NCBI_AUTHOR_Shekhovtsov_622","159.413858300348"
"420","Carex_rotundata|MAN|spm00001749","159.413858300348"
"421","Carex_mollissima||NCBI_AUTHOR_Shekhovtsov_618","159.413858300348"
"422","Carex_utriculata|ASK|spm00001379","159.413858300348"
"423","Carex_durieui|SPA|spm00004386","1.8212095654753"
"424","Carex_abscondita|MRY|spm00000676","0.0407254062865133"
"425","Carex_cumberlandensis|ARK|spm00000817","159.413858300348"
"426","Carex_laxiculmis_var_laxiculmis|PEN|spm00001403","159.413858300348"
"427","Carex_digitalis|NWY|NCBI_Waterway_3702","159.413858300348"
"428","Carex_granularis|MAN|spm00001407","0.457211851416008"
"429","Carex_microdonta|MSI|spm00001420","159.413858300348"
"430","Carex_crawei|NFL|spm00001471","159.413858300348"
"431","Carex_glaucodea|INI|spm00001525","159.413858300348"
"432","Carex_gholsonii|ALA|spm00000953","159.413858300348"
"433","Carex_flaccosperma|LOU|spm00000671","159.413858300348"
"434","Carex_pigra|MSI|spm00001785","159.413858300348"
"435","Carex_brysonii|ALA|spm00000655","3.84937273900116"
"436","Carex_hitchcockiana|KTY|spm00000657","159.413858300348"
"437","Carex_ouachitana|WAS|spm00001538","159.413858300348"
"438","Carex_asynchrona|MXE|spm00000257","159.413858300348"
"439","Carex_impressinervia|MSI|spm00001784","159.413858300348"
"440","Carex_austrocaroliniana|NCA|spm00001729","159.413858300348"
"441","Carex_plantaginea|TEN|spm00001893","159.413858300348"
"442","Carex_platyphylla|MRY|spm00001152","0.486843879062553"
"443","Carex_careyana|KTY|spm00001401","0.486843879062553"
"444","Carex_conoidea|DEL|spm00001428","159.413858300348"
"445","Carex_amphibola|ALA|spm00000654","159.413858300348"
"446","Carex_grisea|KTY|spm00000656","159.413858300348"
"447","Carex_corrugata|ALA|spm00000670","159.413858300348"
"448","Carex_godfreyi|ALA|spm00001787","1.10070322698489"
"449","Carex_edwardsiana|TEX|spm00002142","3.10429293618531"
"450","Carex_oligocarpa|ARK|spm00001532","159.413858300348"
"451","Carex_bulbostylis|MSI|spm00000648","159.413858300348"
"452","Carex_calcifugens|FLA|spm00000668","2.12403143408614"
"453","Carex_acidicola|ALA|spm00000658","2.12403143408614"
"454","Carex_planispicata|MRY|spm00000666","159.413858300348"
"455","Carex_paeninsulae|FLA|spm00001445","159.413858300348"
"456","Carex_thornei|FLA|spm00000659","159.413858300348"
"457","Carex_williamsii|YUK|spm00001969","5.00535675074202"
"458","Carex_krausei|ASK|spm00001639","2.44282253446188"
"459","Carex_capillaris_ssp_fuscidula|KRA|spm00005726","2.44282253446188"
"460","Carex_ledebouriana|MAG|spm00003592","2.44282253446188"
"461","Carex_capillaris_ssp_capillaris|QUE|NCBI_Waterway_3679","2.44282253446188"
"462","Carex_stenantha_var_taisetsuensis|SAK|spm00006798","159.413858300348"
"463","Carex_frigida|SPA|spm00000521","0.451251574289748"
"464","Carex_folliculata|DEL|spm00000911","159.413858300348"
"465","Carex_carsei|NZ|NCBI_AUTHOR_Gardner_322","159.413858300348"
"466","Carex_michauxiana|MAN|spm00001748","159.413858300348"
"467","Carex_agastachys|AUT|spm00001197","159.413858300348"
"468","Carex_pendula|FRA|spm00007935","159.413858300348"
"469","Carex_microcarpa|COR|spm00007912","159.413858300348"
"470","Carex_bequaertii_ssp_bequaertii|KEN|spm00000176","159.413858300348"
"471","Carex_strigosa|AUT|spm00003302","159.413858300348"
"472","Carex_castroviejoi|GRC|NCBI_Vargas_3584","159.413858300348"
"473","Carex_hostiana|GER|spm00003273","159.413858300348"
"474","Carex_flava|NFL|spm00001483","159.413858300348"
"475","Carex_viridula|WAS|spm00004568","159.413858300348"
"476","Carex_flaviformis|NZ|spm00007227","159.413858300348"
"477","Carex_derelicta|CZE|spm00003351","159.413858300348"
"478","Carex_cryptolepis|ILL|spm00001730","159.413858300348"
"479","Carex_lepidocarpa_ssp_lepidocarpa|SPA|spm00003215","159.413858300348"
"480","Carex_lepidocarpa_ssp_jemtlandica|NOR|spm00003056","159.413858300348"
"481","Carex_lepidocarpa_ssp_nevadensis|SPA|NCBI_Modesto_2872","159.413858300348"
"482","Carex_demissa_ssp_demissa|NSC|spm00001948","159.413858300348"
"483","Carex_rainbowii|NAT|NCBI_Martin_Bravo_2799","159.413858300348"
"484","Carex_sylvatica|WAS|spm00001590","159.413858300348"
"485","Carex_cretica|KRI|spm00004382","159.413858300348"
"486","Carex_helodes|POR|NCBI_Jose_2346","159.413858300348"
"487","Carex_lowei|MDR|spm00002858","159.413858300348"
"488","Carex_fuscula|CLC|spm00004370","159.413858300348"
"489","Carex_punctata|GRB|NCBI_Smith_3418","159.413858300348"
"490","Carex_perraudieriana|CNY|spm00004346","159.413858300348"
"491","Carex_aethiopica|CPP|spm00004365","159.413858300348"
"492","Carex_hochstetteriana|AZO|NCBI_UPOS_3551","159.413858300348"
"493","Carex_cilicica_ssp_muratica|TUR|spm00005685","159.413858300348"
"494","Carex_mairei|SPA|spm00004367","159.413858300348"
"495","Carex_laevigata|SPA|spm00002938","159.413858300348"
"496","Carex_binervis|FRA|spm00004357","159.413858300348"
"497","Carex_camposii|SPA|spm00004363","159.413858300348"
"498","Carex_fissirostris|MOR|spm00004379","159.413858300348"
"499","Carex_paulovargasii|MOR|spm00004349","159.413858300348"
"500","Carex_simensis|UGA|spm00000233","159.413858300348"
"501","Carex_fischeri_ssp_fischeri|ETH|spm00004352","159.413858300348"
"502","Carex_boryana|REU|spm00004377","159.413858300348"
"503","Carex_borbonica|REU|spm00004353","159.413858300348"
"504","Carex_petitiana_ssp_attenuata|MLW|spm00004345","159.413858300348"
"505","Carex_mannii_ssp_mannii|GGI|spm00002860","1.43464614189153"
"506","Carex_petitiana_ssp_petitiana|KEN|spm00002867","159.413858300348"
"507","Carex_mannii_ssp_friesiorum|KEN|spm00004355","159.413858300348"
"508","Carex_ecklonii|CPP|spm00004378","159.413858300348"
"509","Carex_vixdentata|AGE|spm00002963","159.413858300348"
"510","Carex_extensa|VRG|spm00001853","159.413858300348"
"511","Carex_lainzii|SPA|spm00004371","159.413858300348"
"512","Carex_diluta|TCS|spm00004364","159.413858300348"
"513","Carex_troodi|CYP|spm00004356","159.413858300348"
"514","Carex_distans|GRC|spm00000844","159.413858300348"
"515","Carex_petriei|NZ|NCBI_AUTHOR_Gardner_315","159.413858300348"
"516","Carex_libera|NZ|NCBI_AUTHOR_Gardner_329","159.413858300348"
"517","Carex_spinirostris|NZ|NCBI_AUTHOR_Gardner_323","159.413858300348"
"518","Carex_elingamita|NZ|NCBI_AUTHOR_Gardner_320","159.413858300348"
"519","Carex_ventosa|NZ|NCBI_AUTHOR_Gardner_312","159.413858300348"
"520","Carex_trifida|NZ|NCBI_AUTHOR_Gardner_292","159.413858300348"
"521","Carex_albula|NZ|NCBI_AUTHOR_Gardner_304","159.413858300348"
"522","Carex_fretalis|NZ|NCBI_AUTHOR_Gardner_326","159.413858300348"
"523","Carex_flagellifera|NZ|NCBI_AUTHOR_Gardner_283","159.413858300348"
"524","Carex_cirrhosa|NZ|NCBI_AUTHOR_Gardner_318","159.413858300348"
"525","Carex_kermadecensis|NZ|NCBI_AUTHOR_Gardner_287","159.413858300348"
"526","Carex_testacea|NZ|NCBI_AUTHOR_Gardner_291","159.413858300348"
"527","Carex_raoulii|NZ|NCBI_AUTHOR_Gardner_313","159.413858300348"
"528","Carex_berggrenii|NZ|NCBI_AUTHOR_Gardner_327","159.413858300348"
"529","Carex_comans|NZ|NCBI_AUTHOR_Gardner_309","159.413858300348"
"530","Carex_dipsacea|NZS|NCBI_AUTHOR_Gardner_338","159.413858300348"
"531","Carex_dallii|NZ|NCBI_AUTHOR_Gardner_310","159.413858300348"
"532","Carex_calcis|NZS|spm00002186","159.413858300348"
"533","Carex_uncifolia|NZ|NCBI_AUTHOR_Gardner_303","159.413858300348"
"534","Carex_chathamica|NZ|NCBI_AUTHOR_Gardner_305","159.413858300348"
"535","Carex_buchananii|NZ|NCBI_AUTHOR_Gardner_316","159.413858300348"
"536","Carex_litorosa|NZ|NCBI_AUTHOR_Gardner_288","159.413858300348"
"537","Carex_arnellii|SWE|spm00003783","159.413858300348"
"538","Carex_sprengelii|NBR|spm00001766","159.413858300348"
"539","Carex_holostoma|ASK|spm00001631","159.413858300348"
"540","Carex_adelostoma|ASK|spm00001619","159.413858300348"
"541","Carex_hartmanii|GER|spm00008007","159.413858300348"
"542","Carex_buxbaumii|ASK|spm00000765","159.413858300348"
"543","Carex_parviflora|FRA_|spm00008036","159.413858300348"
"544","Carex_bella|COL|spm00001721","159.413858300348"
"545","Carex_caucasica|NCS|spm00008001","159.413858300348"
"546","Carex_infuscata|WHM|spm00008013","159.413858300348"
"547","Carex_orestera|CAL|spm00008033","159.413858300348"
"548","Carex_raynoldsii|CAL|spm00001184","0.319792023631374"
"549","Carex_parryana|ASK|spm00001634","0.580845413352663"
"550","Carex_hallii|MAN|spm00001754","0.580845413352663"
"551","Carex_gmelinii|ASK|spm00001629","159.413858300348"
"552","Carex_melanantha|KGZ|spm00008019","159.413858300348"
"553","Carex_albonigra|ASK|spm00001621","159.413858300348"
"554","Carex_obscura|CHT|spm00003376","159.413858300348"
"555","Carex_melanocephala|ALT|spm00008022","159.413858300348"
"556","Carex_aterrima_ssp_aterrima|CZE|spm00007989","2.77193387729079"
"557","Carex_norvegica|ORE|spm00001616","159.413858300348"
"558","Carex_media|NBR|spm00001772","159.413858300348"
"559","Carex_atratiformis|ABT|spm00001751","159.413858300348"
"560","Carex_atrata|AUT|spm00007990","159.413858300348"
"561","Carex_scabrata|QUE|NCBI_Waterway_3706","1.08963921758652"
"562","Carex_pallescens|BRC|spm00002008","159.413858300348"
"563","Carex_planiculmis|KOR|NCBI_Jung_2377","159.413858300348"
"564","Carex_torreyi|COL|spm00001708","159.413858300348"
"565","Carex_alopecuroides|KOR|spm00000321","159.413858300348"
"566","Carex_doniana|CHS|spm00000047","159.413858300348"
"567","Carex_mollicula|JAP|NCBI_Waterway_3667","159.413858300348"
"568","Carex_acutiformis|TVL|spm00002122","159.413858300348"
"569","Carex_nemostachys|CHS|spm00000088","159.413858300348"
"570","Carex_ischnostachya|CHS|spm00000062","0.126722811803163"
"571","Carex_brownii|JAP|NCBI_Waterway_3655","159.413858300348"
"572","Carex_grallatoria_ssp_heteroclita|JAP|spm00006653","159.413858300348"
"573","Carex_grallatoria_ssp_grallatoria|JAP|spm00006651","159.413858300348"
"574","Carex_secalina|HUN|spm00004542","159.413858300348"
"575","Carex_hordeistichos|SPA|spm00000579","159.413858300348"
"576","Carex_scabriuscula|CAL|spm00001246","159.413858300348"
"577","Carex_curatorum||spm00002016","159.413858300348"
"578","Carex_scirpoidea_ssp_scirpoidea|ASK|spm00001248","159.413858300348"
"579","Carex_hirtifolia|QUE|spm00001475","159.413858300348"
"580","Carex_debilis|OKL|spm00000863","159.413858300348"
"581","Carex_hirtissima|CAL|spm00001694","159.413858300348"
"582","Carex_gynodynama|CAL|spm00001688","159.413858300348"
"583","Carex_mendocinensis|ORE|spm00001673","159.413858300348"
"584","Carex_castanea|NFL|spm00001479","159.413858300348"
"585","Carex_arctata|WIS|spm00000731","159.413858300348"
"586","Carex_formosa|ILL|spm00001732","159.413858300348"
"587","Carex_gracillima|ALA|spm00000922","159.413858300348"
"588","Carex_aestivalis|PEN|spm00000681","159.413858300348"
"589","Carex_misera|TEN|spm00001764","159.413858300348"
"590","Carex_swanii|ARK|spm00001304","159.413858300348"
"591","Carex_caroliniana|ALA|spm00000815","159.413858300348"
"592","Carex_hirsutella|DEL|spm00000935","159.413858300348"
"593","Carex_bushii|DEL|spm00000777","159.413858300348"
"594","Carex_meyeriana|MON|spm00008024","159.413858300348"
"595","Carex_stylosa|NFL|spm00001490","159.413858300348"
"596","Carex_haydenii|WIS|spm00002433","159.413858300348"
"597","Carex_aperta|BRC|spm00001842","0.215062486607998"
"598","Carex_pichinchensis|ECU|spm00000538","159.413858300348"
"599","Carex_donnellsmithii||NCBI_Ton_3535","159.413858300348"
"600","Carex_spectabilis|BRC|spm00001979","159.413858300348"
"601","Carex_microchaeta|YUK|spm00001946","159.413858300348"
"602","Carex_cinerascens|CHM|spm00004514","159.413858300348"
"603","Carex_macrochaeta|ORE|spm00001671","159.413858300348"
"604","Carex_mertensii|ASK|spm00001056","159.413858300348"
"605","Carex_typhina|LOU|spm00001330","0.775466704917948"
"606","Carex_squarrosa|ARK|spm00001281","0.421958269603221"
"607","Carex_nebraskensis||NCBI_Janeway_2159","159.413858300348"
"608","Carex_pluriflora|ASK|spm00001956","159.413858300348"
"609","Carex_rariflora|YUK|spm00001999","159.413858300348"
"610","Carex_limosa|ASK|spm00001035","159.413858300348"
"611","Carex_magellanica_ssp_magellanica|CLS|spm00003206","0.123696259882834"
"612","Carex_magellanica_ssp_irrigua|ASK|spm00001637","0.123696259882834"
"613","Carex_crinita_var_crinita|MAI|spm00000801","159.413858300348"
"614","Carex_torta||NCBI_Dragon_1288","159.413858300348"
"615","Carex_mitchelliana|ALA|spm00001101","159.413858300348"
"616","Carex_gynandra|DEL|spm00000964","159.413858300348"
"617","Carex_gaudichaudiana||NCBI_Ford_1659","159.413858300348"
"618","Carex_curvicollis|JAP|spm00006868","159.413858300348"
"619","Carex_augustinowiczii|SAK|spm00007995","159.413858300348"
"620","Carex_thunbergii||NCBI_Semsrott_3381","159.413858300348"
"621","Carex_appendiculata|KHA|spm00006476","159.413858300348"
"622","Carex_podocarpa|BRC|spm00001932","159.413858300348"
"623","Carex_obnupta|CAL|spm00001105","159.413858300348"
"624","Carex_eleusinoides|ASK|spm00001623","159.413858300348"
"625","Carex_dacica|ICE|spm00003155","159.413858300348"
"626","Carex_buekii|CZE|spm00000558","159.413858300348"
"627","Carex_jaluensis|KOR|NCBI_Jung_2361","159.413858300348"
"628","Carex_reuteriana_ssp_mauritanica|SPA|spm00003162","159.413858300348"
"629","Carex_reuteriana_ssp_reuteriana|SPA|spm00003202","159.413858300348"
"630","Carex_ensifolia|CHQ|spm00005713","159.413858300348"
"631","Carex_elata_ssp_elata|SPA|spm00003134","159.413858300348"
"632","Carex_nigra_var_juncella|NOR|spm00003773","159.413858300348"
"633","Carex_nigra_ssp_nigra|GRB|NCBI_Dean_SM00019","159.413858300348"
"634","Carex_cespitosa_ssp_cespitosa|NOR|spm00003210","159.413858300348"
"635","Carex_kurdica|GRC|spm00003147","159.413858300348"
"636","Carex_orbicularis_ssp_orbicularis|NEP|spm00003063","159.413858300348"
"637","Carex_acuta|ITA|spm00003084","159.413858300348"
"638","Carex_trinervis|SPA|spm00003778","159.413858300348"
"639","Carex_nigra_ssp_intricata|SPA|spm00003775","159.413858300348"
"640","Carex_lenticularis||NCBI_Dragon_1281","159.413858300348"
"641","Carex_rufina||NCBI_Anderberg_80","159.413858300348"
"642","Carex_aquatilis_var_dives||NCBI_Janeway_2155","159.413858300348"
"643","Carex_aquatilis_var_minor||NCBI_Bennett_893","159.413858300348"
"644","Carex_aquatilis_var_aquatilis|NFL|spm00001485","159.413858300348"
"645","Carex_recta||NCBI_Dean_SM00017","159.413858300348"
"646","Carex_lyngbyei|ORE|spm00001085","159.413858300348"
"647","Carex_ramenskii|ASK|spm00001439","159.413858300348"
"648","Carex_subspathacea||NCBI_Reznicek_3165","159.413858300348"
"649","Carex_paleacea|MAI|spm00001127","159.413858300348"
"650","Carex_salina|QUE|spm00001953","159.413858300348"
"651","Carex_randalpina|AUT|spm00003098","159.413858300348"
"652","Carex_bigelowii_ssp_lugens|ASK|spm00000742","159.413858300348"
"653","Carex_stricta|TEX|spm00001296","159.413858300348"
"654","Carex_scopulorum_var_bracteosa|YUK|spm00006477","159.413858300348"
"655","Carex_bigelowii_ssp_bigelowii|QUE|spm00006479","159.413858300348"
"656","Carex_angustata|CAL|spm00000713","159.413858300348"
"657","Carex_emoryi|DEL|spm00000885","159.413858300348"
"658","Carex_interrupta|ORE|spm00001666","159.413858300348"
"659","Carex_scopulorum_var_prionophylla|WAS|spm00004556","159.413858300348"
"660","Carex_nudata|CAL|spm00001440","159.413858300348"
"661","Carex_kiotensis|JAP|NCBI_AUTHOR_Senni_584","159.413858300348"
"662","Carex_shimidzensis|JAP|NCBI_AUTHOR_Senni_591","159.413858300348"
