original.name;LI.length.mp
Carex_abrupta|CAL|spm00002224;7.6
Carex_abscondita|MRY|spm00000676;9
Carex_acaulis|CLS|spm00000518;11
Carex_acidicola|ALA|spm00000658;13.5
Carex_acuta|ITA|spm00003084;65
Carex_acutiformis|TVL|spm00002122;35
Carex_adelostoma|ASK|spm00001619;12.5
Carex_adusta|ABT|spm00002072;9.5
Carex_aestivalis|PEN|spm00000681;32.5
Carex_aethiopica|CPP|spm00004365;60
Carex_agastachys|AUT|spm00001197;116
Carex_aggregata|KTY|spm00000685;35
Carex_alata|ALA|spm00000687;13
Carex_alatauensis|AFG|spm00003401;45
Carex_alba|SPA|spm00000584;7.5
Carex_albata|JAP|spm00005254;7
Carex_albicans_var_emmonsii|DEL|spm00000699;4.5
Carex_albolutescens|OKL|spm00000694;9
Carex_albonigra|ASK|spm00001621;14
Carex_albula|NZ|NCBI_AUTHOR_Gardner_304;12.5
Carex_albursina|KTY|spm00001384;21
Carex_alopecoidea|ILL|spm00001728;30
Carex_alopecuroides|KOR|spm00000321;25
Carex_amphibola|ALA|spm00000654;15.5
Carex_angustata|CAL|spm00000713;47.5
Carex_anthoxanthea|WAS|spm00001568;20
Carex_aperta|BRC|spm00001842;25
Carex_appendiculata|KHA|spm00006476;20
Carex_appressa_var_appressa|NSW|spm00002189;5.5
Carex_appropinquata|GER|spm00002248;5.5
Carex_aquatilis_var_aquatilis|NFL|spm00001485;62.5
Carex_aquatilis_var_dives||NCBI_Janeway_2155;80
Carex_aquatilis_var_minor||NCBI_Bennett_893;30
Carex_arcta|ASK|spm00000710;7.5
Carex_arctata|WIS|spm00000731;52.5
Carex_arctiformis|BRC|spm00001851;8
Carex_arenaria|DEL|spm00000733;11
Carex_argunensis|KHA|spm00006472;0
Carex_argyrantha|MRY|spm00000734;11.5
Carex_arisanensis|TAI|spm00006420;8
Carex_arnellii|SWE|spm00003783;27.5
Carex_assiniboinensis|MAN|spm00000722;17.5
Carex_astricta||spm00004420;0
Carex_asturica|SPA|spm00004385;15
Carex_asynchrona|MXE|spm00000257;17
Carex_aterrima_ssp_aterrima|CZE|spm00007989;12
Carex_atherodes|BRC|spm00001849;52.5
Carex_athrostachya|CAL|spm00000727;8.5
Carex_atlantica_ssp_atlantica|FLA|spm00000718;8.1
Carex_atrata|AUT|spm00007990;17.5
Carex_atratiformis|ABT|spm00001751;17.5
Carex_atrofusca|ASK|spm00001654;13.5
Carex_aucklandica||spm00004410;0
Carex_augustinowiczii|SAK|spm00007995;25
Carex_aurea||spm00000767;12
Carex_austroalpina|SPA|spm00000535;17.5
Carex_austrocaroliniana|NCA|spm00001729;9.5
Carex_austrocompacta|TDC|spm00005930;0
Carex_baccans||spm00007862;4.5
Carex_badilloi|NAT|spm00003223;37
Carex_banksiana|NZ|spm00005085;0
Carex_bebbii|MAN|spm00000745;7
Carex_bella|COL|spm00001721;18.5
Carex_bequaertii_ssp_bequaertii|KEN|spm00000176;140
Carex_berggrenii|NZ|NCBI_AUTHOR_Gardner_327;6.5
Carex_bicknellii|INI|spm00000744;14
Carex_bicolor|ASK|spm00001622;8.5
Carex_bigelowii_ssp_bigelowii|QUE|spm00006479;25
Carex_bigelowii_ssp_lugens|ASK|spm00000742;15
Carex_binervis|FRA|spm00004357;30
Carex_blanda|TEN|spm00001819;16.5
Carex_blepharicarpa|KOR|spm00000323;20
Carex_bohemica|FIN|spm00002276;12.5
Carex_bolanderi|CAL|spm00001414;17
Carex_bonanzensis|ASK|spm00001820;9.5
Carex_boottiana|JAP|NCBI_Waterway_3657;45
Carex_borbonica|REU|spm00004353;37.5
Carex_boryana|REU|spm00004377;55
Carex_bostrychostigma|JAP|spm00003784;30
Carex_brachyanthera|NWG|spm00007129;35
Carex_brachystachys|SPA|NCBI_HeRB_1939;14
Carex_brevicollis|TCS|spm00003478;20
Carex_breviculmis_var_breviculmis|NZ|NCBI_AUTHOR_Gardner_314;10.5
Carex_brevior|BRC|spm00001823;12
Carex_breviscapa|VIE|spm00007865;37.5
Carex_bromoides|WIS|spm00002284;13.5
Carex_brownii|JAP|NCBI_Waterway_3655;20
Carex_brunnea|CHC|spm00007866;22.5
Carex_brunnescens_ssp_brunnescens|FIN|spm00005972;5
Carex_brunnescens_ssp_sphaerostachya|ONT|spm00005986;5
Carex_brysonii|ALA|spm00000655;22.5
Carex_buchananii|NZ|NCBI_AUTHOR_Gardner_316;17.5
Carex_buekii|CZE|spm00000558;70
Carex_bulbostylis|MSI|spm00000648;11.5
Carex_bushii|DEL|spm00000777;11
Carex_buxbaumii|ASK|spm00000765;17.5
Carex_calcifugens|FLA|spm00000668;14
Carex_calcis|NZS|spm00002186;20.5
Carex_callitrichos|KOR|spm00000335;6
Carex_camposii|SPA|spm00004363;47.5
Carex_canariensis|CNY|spm00002291;15
Carex_canescens_ssp_canescens|FIN|spm00005994;7.5
Carex_canescens_ssp_disjuncta|NFL|spm00001496;7.5
Carex_capensis|CPP|spm00003263;15
Carex_capillaris_ssp_capillaris|QUE|NCBI_Waterway_3679;10
Carex_capillaris_ssp_fuscidula|KRA|spm00005726;12.5
Carex_capitata|KRA|spm00002036;0
Carex_capricornis||NCBI_AUTHOR_Shekhovtsov_642;25
Carex_careyana|KTY|spm00001401;12.5
Carex_caroliniana|ALA|spm00000815;12.5
Carex_carsei|NZ|NCBI_AUTHOR_Gardner_322;12.5
Carex_caryophyllea|SPA|spm00002063;10
Carex_castanea|NFL|spm00001479;16.5
Carex_castroviejoi|GRC|NCBI_Vargas_3584;8.5
Carex_caucasica|NCS|spm00008001;22.5
Carex_caudata|SPA|spm00000529;22.5
Carex_cephaloidea|MAI|spm00000804;27.5
Carex_cephalophora|MRY|spm00000828;13
Carex_cespitosa_ssp_cespitosa|NOR|spm00003210;15
Carex_chathamica|NZ|NCBI_AUTHOR_Gardner_305;5.25
Carex_chordorrhiza|BRC|spm00001925;6
Carex_ciliatomarginata|CH|NCBI_Jin_2300;7.5
Carex_cilicica_ssp_muratica|TUR|spm00005685;15.5
Carex_cinerascens|CHM|spm00004514;22.5
Carex_cirrhosa|NZ|NCBI_AUTHOR_Gardner_318;55
Carex_clavispica|EHM|spm00005903;0
Carex_colensoi|NZ|NCBI_AUTHOR_Gardner_328;8.5
Carex_comans|NZ|NCBI_AUTHOR_Gardner_309;15
Carex_communis_var_communis|QUE|NCBI_Waterway_3720;7.5
Carex_comosa|CAL|spm00000826;27.5
Carex_concinna|MAN|NCBI_Kuzmina_2468;6
Carex_conferta|ETH|spm00000184;32.5
Carex_conjuncta|DEL|spm00000784;50
Carex_conoidea|DEL|spm00001428;17
Carex_coriophora|CHQ|spm00005694;30
Carex_corrugata|ALA|spm00000670;17.5
Carex_corynoidea|NZ|spm00005087;0
Carex_crawei|NFL|spm00001471;16
Carex_crawfordii|ILL|spm00002161;9
Carex_crebriflora||spm00001043;15
Carex_cretica|KRI|spm00004382;11
Carex_crinita_var_crinita|MAI|spm00000801;75
Carex_crispa||spm00004422;0
Carex_cristatella|KTY|spm00000800;6
Carex_cruciata|CHC|spm00005699;8.5
Carex_cruenta|CHQ|spm00005700;22.5
Carex_cryptolepis|ILL|spm00001730;14.2
Carex_cumberlandensis|ARK|spm00000817;11.15
Carex_cumulata|ILL|spm00000871;9
Carex_curaica|KRA|spm00002337;6
Carex_curatorum||spm00002016;30
Carex_curvicollis|JAP|spm00006868;27.5
Carex_cusickii|BRC|spm00002004;55
Carex_cyanea|NZ|spm00005097;0
Carex_dacica|ICE|spm00003155;15
Carex_dallii|NZ|NCBI_AUTHOR_Gardner_310;10
Carex_davalliana|FIN|spm00003596;20
Carex_davyi|CAL|spm00001459;18
Carex_debilis|OKL|spm00000863;52.5
Carex_decomposita|DEL|spm00000836;110
Carex_deflexa_var_deflexa|BRC|spm00002125;8
Carex_demissa_ssp_demissa|NSC|spm00001948;10.75
Carex_densifimbriata|CH|NCBI_Liuo_2556;7.5
Carex_depauperata|YUG|spm00000574;15
Carex_depressa_ssp_basilaris|SPA|spm00000547;14.5
Carex_depressa_ssp_depressa|SPA|spm00000550;14.5
Carex_depressa_ssp_transsilvanica|YUG|spm00000546;15
Carex_derelicta|CZE|spm00003351;7
Carex_deweyana_var_deweyana|MAN|spm00001039;8.1
Carex_diandra|CAL|spm00000840;35
Carex_digitalis|NWY|NCBI_Waterway_3702;19
Carex_digitata|ITA|spm00000569;17.5
Carex_diluta|TCS|spm00004364;14
Carex_dimorpholepis|KOR|NCBI_Na_2916;50
Carex_dioica|SWE|spm00004523;10
Carex_dipsacea|NZS|NCBI_AUTHOR_Gardner_338;22.5
Carex_disperma|ASK|spm00001652;4
Carex_dissitiflora|JAP|spm00007871;30
Carex_distachya|SPA|spm00000588;19
Carex_distans|GRC|spm00000844;19.5
Carex_disticha|ONT|spm00005395;10
Carex_divisa|MRY|spm00002064;9
Carex_divulsa|NET|spm00004392;6
Carex_doniana|CHS|spm00000047;50
Carex_donnellsmithii||NCBI_Ton_3535;70
Carex_drucei||spm00004418;0
Carex_drymophila|JAP|NCBI_Waterway_3672;40
Carex_durieui|SPA|spm00004386;9.5
Carex_duriuscula|ASK|spm00001653;50
Carex_ebenea|ARI|spm00001870;12
Carex_eburnea|MIC|spm00000842;5
Carex_echinata_ssp_echinata|ASK|spm00001633;9.25
Carex_echinodes|WIS|spm00002699;9.75
Carex_ecklonii|CPP|spm00004378;15
Carex_edura|NZS|spm00002184;0
Carex_edwardsiana|TEX|spm00002142;13
Carex_egmontiana||spm00004416;0
Carex_elata_ssp_elata|SPA|spm00003134;42.5
Carex_eleusinoides|ASK|spm00001623;26
Carex_elingamita|NZ|NCBI_AUTHOR_Gardner_320;70
Carex_elongata|RUC|spm00005949;10
Carex_emoryi|DEL|spm00000885;62.5
Carex_ensifolia|CHQ|spm00005713;14
Carex_erebus||spm00004424;0
Carex_ericetorum|ITA|spm00000551;10.5
Carex_erythrovaginata|NZ|spm00005096;0
Carex_exilis|DEL|spm00000887;0
Carex_extensa|VRG|spm00001853;10
Carex_fedia|PAK|spm00005718;16.5
Carex_ferruginea|SWI|spm00000531;20
Carex_festucacea|TEX|spm00000892;11
Carex_feta|CAL|spm00000893;14.5
Carex_filicina|VIE|spm00007873;10
Carex_filifolia_var_filifolia|CAL|spm00001432;0
Carex_filipes|JAP|NCBI_Waterway_3666;17.5
Carex_fimbriata|SWI|spm00000552;17.5
Carex_firma|ITA|spm00000520;7.5
Carex_fischeri_ssp_fischeri|ETH|spm00004352;55
Carex_fissirostris|MOR|spm00004379;13
Carex_flacca_ssp_erythrostachys|BAL|spm00000524;21
Carex_flacca_ssp_flacca|GRB|NCBI_Hill_1959;21
Carex_flaccosperma|LOU|spm00000671;26
Carex_flagellifera|NZ|NCBI_AUTHOR_Gardner_283;22.5
Carex_flava|NFL|spm00001483;15
Carex_flaviformis|NZ|spm00007227;10.5
Carex_foenea|BRC|spm00002000;16
Carex_foliosissima|JAP|NCBI_Waterway_3660;30
Carex_folliculata|DEL|spm00000911;22.5
Carex_forficula|KOR|NCBI_Na_2984;32.5
Carex_formosa|ILL|spm00001732;20
Carex_fracta|CAL|spm00000896;14
Carex_frankii|ALA|spm00000939;31
Carex_fretalis|NZ|NCBI_AUTHOR_Gardner_326;17.5
Carex_frigida|SPA|spm00000521;25
Carex_fritschii|HUN|spm00002174;8.5
Carex_fuliginosa_ssp_misandra|ASK|spm00001627;15
Carex_fulvorubescens|JAP|spm00006431;55
Carex_furva|SPA|spm00006018;4.55
Carex_fuscula|CLC|spm00004370;11
Carex_fusiformis|EHM|spm00005727;40
Carex_garberi|ASK|spm00001624;11
Carex_gaudichaudiana||NCBI_Ford_1659;10
Carex_gholsonii|ALA|spm00000953;17.5
Carex_gibba|CHH|spm00005244;8.5
Carex_gifuensis|KOR|spm00000331;7.5
Carex_glacialis|NFL|spm00001488;6
Carex_glareosa_ssp_glareosa|MAN|spm00001756;8.5
Carex_glaucodea|INI|spm00001525;20.5
Carex_glomerabilis|CPP|spm00000194;10
Carex_glossostigma|CHS|spm00007875;25
Carex_gmelinii|ASK|spm00001629;20
Carex_godfreyi|ALA|spm00001787;15.5
Carex_gracilescens|KTY|spm00000927;16
Carex_gracilior|CAL|spm00001692;10.5
Carex_gracillima|ALA|spm00000922;40
Carex_grallatoria_ssp_grallatoria|JAP|spm00006651;12.5
Carex_grallatoria_ssp_heteroclita|JAP|spm00006653;0
Carex_grandiligulata|CHS|spm00000056;15
Carex_granularis|MAN|spm00001407;16.5
Carex_gravida|TEN|spm00000970;30
Carex_grayi|TEN|spm00000924;33.5
Carex_grioletii|SPA|spm00000585;10
Carex_grisea|KTY|spm00000656;18
Carex_gynandra|DEL|spm00000964;64
Carex_gynocrates|ASK|spm00001630;9.5
Carex_gynodynama|CAL|spm00001688;26
Carex_halleriana|SPA|spm00000557;9
Carex_hallii|MAN|spm00001754;12.5
Carex_hamlinii|NZS|NCBI_AUTHOR_Gardner_333;0
Carex_harfordii|CAL|spm00000965;6.85
Carex_hartmanii|GER|spm00008007;25
Carex_haydeniana|UTA|spm00002432;8.25
Carex_haydenii|WIS|spm00002433;30
Carex_healyi|NZN|spm00005107;0
Carex_hebecarpa|EHM|spm00005738;27.5
Carex_heleonastes|ABT|spm00001954;5.5
Carex_helodes|POR|NCBI_Jose_2346;16.5
Carex_heterolepis|KOR|NCBI_Jung_2360;27.5
Carex_hirsutella|DEL|spm00000935;13
Carex_hirta|PEN|spm00000947;27.5
Carex_hirtifolia|QUE|spm00001475;11
Carex_hirtissima|CAL|spm00001694;17.5
Carex_hispida|KRI|spm00000549;80
Carex_hitchcockiana|KTY|spm00000657;17.5
Carex_hochstetteriana|AZO|NCBI_UPOS_3551;45
Carex_holostoma|ASK|spm00001631;5.5
Carex_hordeistichos|SPA|spm00000579;30
Carex_horizontalis|NZS|spm00005106;0
Carex_hormathodes|NSC|spm00002114;10.5
Carex_hostiana|GER|spm00003273;15
Carex_houghtoniana|MAN|spm00001446;25
Carex_humilis|GER|NCBI_WM_3755;7.5
Carex_hyalina|MSI|spm00000912;12
Carex_hystericina|ARK|spm00001081;27.5
Carex_illota|CAL|spm00000961;5.5
Carex_imbecilla||spm00004419;0
Carex_impressinervia|MSI|spm00001784;27
Carex_inanis|EHM|spm00005746;16.5
Carex_infirminervia|CAL|spm00001398;13.85
Carex_infuscata|WHM|spm00008013;6
Carex_insaniae_var_insaniae|JAP|spm00005753;13
Carex_insaniae_var_papillaticulmis|JAP|NCBI_Waterway_3659;15
Carex_integra|CAL|spm00000977;8
Carex_interior|MIC|spm00000972;6.25
Carex_interrupta|ORE|spm00001666;65
Carex_intumescens|MAI|spm00000975;18.5
Carex_inversa|NZ|NCBI_AUTHOR_Gardner_286;60
Carex_ischnostachya|CHS|spm00000062;40
Carex_jackiana_ssp_parciflora|JAP|NCBI_Waterway_3674;22.5
Carex_jacutica||NCBI_AUTHOR_Shekhovtsov_622;20
Carex_jaluensis|KOR|NCBI_Jung_2361;37.5
Carex_jamesii|ALA|spm00000630;0
Carex_kermadecensis|NZ|NCBI_AUTHOR_Gardner_287;37.5
Carex_killickii|NAT|spm00007793;12.5
Carex_kiotensis|JAP|NCBI_AUTHOR_Senni_584;70
Carex_kitaibeliana|YUG|spm00000539;9.5
Carex_kobomugi|VRG|spm00000979;5
Carex_krausei|ASK|spm00001639;10
Carex_kumaonensis|EHM|spm00005764;15
Carex_kurdica|GRC|spm00003147;46
Carex_kwangsiensis|CH|NCBI_Liuo_2555;12.5
Carex_lachenalii_ssp_lachenalii|ASK|spm00001640;42
Carex_lacustris|MAN|spm00000991;65
Carex_laeviconica|TEN|spm00001887;50
Carex_laeviculmis|CAL|spm00001397;7.65
Carex_laevigata|SPA|spm00002938;40
Carex_lainzii|SPA|spm00004371;9.5
Carex_lanceolata|CHM|spm00006393;13.5
Carex_lapponica|ASK|spm00001641;5
Carex_lasiocarpa_var_lasiocarpa|SPA|spm00000576;22.5
Carex_latebracteata|ARK|spm00001383;0
Carex_laticeps|JAP|NCBI_Waterway_3656;22.5
Carex_laxa|ASK|spm00001643;10.5
Carex_laxiculmis_var_laxiculmis|PEN|spm00001403;13
Carex_laxiflora|MIC|spm00001023;21
Carex_leavenworthii|KTY|spm00005410;13.5
Carex_ledebouriana|MAG|spm00003592;8.5
Carex_leersii|NET|spm00004394;6
Carex_leiorhyncha|KOR|spm00002471;8.5
Carex_lenticularis||NCBI_Dragon_1281;36
Carex_lepidocarpa_ssp_jemtlandica|NOR|spm00003056;9.5
Carex_lepidocarpa_ssp_lepidocarpa|SPA|spm00003215;9.5
Carex_lepidocarpa_ssp_nevadensis|SPA|NCBI_Modesto_2872;7
Carex_leporina|WIS|spm00001780;11.5
Carex_leporinella|WAS|spm00001613;8
Carex_leptalea|MIC|spm00001032;0
Carex_leptonervia|MAN|spm00001394;15.5
Carex_leptopoda|BRC|spm00001399;11.5
Carex_libera|NZ|NCBI_AUTHOR_Gardner_329;7.5
Carex_limosa|ASK|spm00001035;13
Carex_lingii|CH|NCBI_Yang_3761;7
Carex_liparocarpos_ssp_liparocarpos|SPA|spm00000556;10
Carex_lithophila|KOR|spm00000328;6.5
Carex_litorosa|NZ|NCBI_AUTHOR_Gardner_288;15
Carex_livida|NWJ|spm00001410;16
Carex_loliacea|ASK|spm00001650;4
Carex_longicruris|EHM|spm00005770;16
Carex_longifructus||spm00004426;0
Carex_longii|ARK|spm00001001;9.5
Carex_lowei|MDR|spm00002858;85
Carex_lucennoiberica|SPA|spm00006015;4.6
Carex_lucorum|NCA|spm00001736;12.5
Carex_lupuliformis|FLA|spm00001011;50
Carex_lupulina|MRY|spm00001078;40
Carex_lurida|FLA|spm00001082;42.5
Carex_lyngbyei|ORE|spm00001085;34
Carex_maackii|JAP|spm00002491;7.5
Carex_mackenziei|ASK|spm00001657;10
Carex_macloviana||spm00002163;8
Carex_macrandrolepis|KOR|spm00000337;12.5
Carex_macrochaeta|ORE|spm00001671;20
Carex_macrolepis|ITA|spm00000536;17.5
Carex_magellanica_ssp_irrigua|ASK|spm00001637;14
Carex_magellanica_ssp_magellanica|CLS|spm00003206;14
Carex_mairei|SPA|spm00004367;11.5
Carex_makinoensis|JAP|spm00006665;50
Carex_manhartii|GEO|spm00001761;21.5
Carex_mannii_ssp_friesiorum|KEN|spm00004355;32.5
Carex_mannii_ssp_mannii|GGI|spm00002860;40
Carex_maorica|NZ|NCBI_AUTHOR_Gardner_289;45
Carex_marina_ssp_marina|MAN|spm00001746;4.5
Carex_mariposana|ARI|spm00001884;10.25
Carex_maritima|YUK|spm00002500;4.5
Carex_meadii|MAN|spm00001742;21.5
Carex_media|NBR|spm00001772;8.5
Carex_megalepis|NZ|spm00005089;0
Carex_melanantha|KGZ|spm00008019;15
Carex_melanocarpa|KHA|spm00003594;8
Carex_melanocephala|ALT|spm00008022;7.5
Carex_melanostachya||spm00001550;20
Carex_membranacea|ASK|spm00001050;20
Carex_mendocinensis|ORE|spm00001673;35
Carex_merrittfernaldii|MAN|spm00001051;11
Carex_mertensii|ASK|spm00001056;25
Carex_mesochorea|ALA|spm00001097;15
Carex_metallica|JAP|NCBI_AUTHOR_Senni_586;35
Carex_meyeriana|MON|spm00008024;8.5
Carex_michauxiana|MAN|spm00001748;20
Carex_michelii|HUN|spm00002175;15
Carex_microcarpa|COR|spm00007912;92.5
Carex_microchaeta|YUK|spm00001946;16.5
Carex_microdonta|MSI|spm00001420;25
Carex_microglochin|NOR|spm00001705;0
Carex_micropoda|ASK|spm00001632;0
Carex_microptera|COL|spm00001880;7
Carex_microrhyncha|KAN|spm00004537;5.5
Carex_microtricha|SAK|spm00006763;15
Carex_minor||spm00004412;0
Carex_mira|KOR|NCBI_Jung_2372;27.5
Carex_misera|TEN|spm00001764;22.5
Carex_missouriensis|ILL|spm00001067;11
Carex_mitchelliana|ALA|spm00001101;55
Carex_mitrata_var_mitrata|CHS|spm00000085;10
Carex_molesta|DEL|spm00001070;11
Carex_molestiformis|ARK|spm00001073;9.5
Carex_mollicula|JAP|NCBI_Waterway_3667;17.5
Carex_mollissima||NCBI_AUTHOR_Shekhovtsov_618;22.5
Carex_montana|YUG|spm00000543;6.5
Carex_morrowii|JAP|spm00006680;25
Carex_mucronata|ITA|spm00000534;7.5
Carex_muehlenbergii_var_muehlenbergii|WIS|spm00002520;27.5
Carex_multicostata|CAL|spm00001093;11
Carex_multispiculata|NAT|spm00003765;46.5
Carex_muricata_ssp_muricata|POL|spm00004400;7.5
Carex_muskingumensis|MIC|spm00001115;20
Carex_myosuroides|FRA|spm00005196;0
Carex_myosurus|VIE|spm00007888;65
Carex_nardina|QUE|spm00001510;0
Carex_nebraskensis||NCBI_Janeway_2159;42.5
Carex_nemostachys|CHS|spm00000088;80
Carex_nemurensis|SAK|spm00006074;6.5
Carex_nervata|KOR|spm00000010;11.5
Carex_neurocarpa|PRM|spm00006483;6.5
Carex_nigra_ssp_intricata|SPA|spm00003775;17.5
Carex_nigra_ssp_nigra|GRB|NCBI_Dean_SM00019;27
Carex_nigra_var_juncella|NOR|spm00003773;17.5
Carex_nigricans|ASK|spm00001638;0
Carex_nigromarginata|ALA|spm00001121;5.5
Carex_nodaeana|CHM|spm00003470;10
Carex_normalis|ALA|spm00001059;9.5
Carex_norvegica|ORE|spm00001616;7
Carex_novaeangliae|MAI|spm00001061;4.5
Carex_nubigena|CHC|spm00003362;7
Carex_nudata|CAL|spm00001440;32.5
Carex_obnupta|CAL|spm00001105;87.5
Carex_obscura|CHT|spm00003376;19
Carex_obtusata|MAN|spm00001107;0
Carex_obtusifolia||spm00004428;0
Carex_oedipostyla|SPA|spm00000587;11
Carex_okamotoi|KOR|NCBI_Hoshino_2100;15
Carex_olbiensis|SPA|spm00000586;22.5
Carex_oligocarpa|ARK|spm00001532;14
Carex_oligosperma|NWH|spm00001112;15
Carex_onoei|CHM|spm00004513;0
Carex_opaca|OKL|spm00001133;16
Carex_orbicularis_ssp_orbicularis|NEP|spm00003063;10
Carex_orestera|CAL|spm00008033;8
Carex_ornithopoda_ssp_ornithopoda|YUG|spm00000560;6.5
Carex_oronensis|MAI|spm00001898;7.5
Carex_otrubae|SPA|spm00000559;11.5
Carex_ouachitana|WAS|spm00001538;26
Carex_ozarkana|ARK|spm00002557;9.5
Carex_pachystachya|ASK|spm00001864;7.2
Carex_paeninsulae|FLA|spm00001445;9.5
Carex_pairae|SPA|spm00004403;7.5
Carex_paleacea|MAI|spm00001127;43.5
Carex_pallescens|BRC|spm00002008;12.5
Carex_panicea|MAI|spm00001906;18.5
Carex_paniculata_ssp_paniculata|GRC|spm00006108;6.5
Carex_papulosa|KOR|spm00000016;15
Carex_parallela|KHA|spm00006471;12
Carex_parryana|ASK|spm00001634;12.5
Carex_parviflora|FRA_|spm00008036;6.5
Carex_parvirufa|NAT|spm00003224;18.5
Carex_parvispica||spm00004427;0
Carex_pauciflora|ASK|spm00001142;0
Carex_paulovargasii|MOR|spm00004349;19
Carex_paxii|JAP|spm00006668;6
Carex_pediformis_ssp_macroura|FIN|spm00003598;22.5
Carex_pediformis_ssp_pediformis|CHC|spm00003390;22.5
Carex_pedunculata|MAS|spm00001147;8.65
Carex_pellita|CAL|spm00001148;25
Carex_penalpina|NZS|NCBI_AUTHOR_Gardner_335;0
Carex_pendula|FRA|spm00007935;137.5
Carex_pensylvanica|MAN|spm00001171;12.5
Carex_peregrina|MDR|spm00000564;0
Carex_perplexa||spm00004409;0
Carex_perraudieriana|CNY|spm00004346;110
Carex_petasata|UTA|spm00001192;21
Carex_petitiana_ssp_attenuata|MLW|spm00004345;40
Carex_petitiana_ssp_petitiana|KEN|spm00002867;40
Carex_petricosa_var_petricosa|NWT|NCBI_Gillespie_1850;17.5
Carex_petriei|NZ|NCBI_AUTHOR_Gardner_315;20
Carex_peucophila|MXC|spm00002576;7.5
Carex_phacota|KOR|spm00000344;40
Carex_phaeocephala|NEV|spm00001193;13.5
Carex_phleoides_ssp_phleoides|CLC|spm00005103;0
Carex_pichinchensis|ECU|spm00000538;20
Carex_pigra|MSI|spm00001785;20
Carex_pilosa|YUG|spm00000563;30
Carex_pilulifera|POR|spm00000583;6.5
Carex_pisiformis_var_pisiformis|CHS|spm00000095;20
Carex_pisiformis_var_sikokiana|KOR|spm00000349;35
Carex_planata|JAP|spm00005429;8
Carex_planiculmis|KOR|NCBI_Jung_2377;30
Carex_planispicata|MRY|spm00000666;16.5
Carex_plantaginea|TEN|spm00001893;19
Carex_platyphylla|MRY|spm00001152;11
Carex_pluriflora|ASK|spm00001956;16
Carex_podocarpa|BRC|spm00001932;130
Carex_potens||spm00004430;0
Carex_prairea|BRC|spm00001951;55
Carex_praticola|COL|spm00001163;14.25
Carex_preslii|ORE|spm00001174;8.5
Carex_projecta|MAN|spm00001176;10.5
Carex_pseudocuraica|CH|spm00002605;7
Carex_pseudocyperus|MIC|spm00001179;40
Carex_pseudofoetida_ssp_pseudofoetida|CHQ|spm00005820;5.5
Carex_pudica|JAP|spm00006673;7.5
Carex_pulicaris|GRB|spm00005180;0
Carex_pumila|NCA|spm00002067;20
Carex_punctata|GRB|NCBI_Smith_3418;16
Carex_punicea|NZS|spm00005105;0
Carex_purpurata||spm00004431;0
Carex_purpurifera|KTY|spm00001470;29.5
Carex_pyrenaica|SPA|spm00000582;0
Carex_quadriflora|KOR|spm00000347;12.5
Carex_radfordii|SCA|spm00001438;29.5
Carex_rainbowii|NAT|NCBI_Martin_Bravo_2799;39.5
Carex_ramenskii|ASK|spm00001439;20
Carex_randalpina|AUT|spm00003098;129
Carex_raoulii|NZ|NCBI_AUTHOR_Gardner_313;25
Carex_rariflora|YUK|spm00001999;10.5
Carex_raynoldsii|CAL|spm00001184;15
Carex_recta||NCBI_Dean_SM00017;29
Carex_reinii|JAP|spm00006675;35
Carex_remota|YUG|spm00006118;7
Carex_reniformis|GEO|spm00001187;9.5
Carex_retroflexa|DEL|spm00001190;6.5
Carex_retrorsa|MIC|spm00001210;32.5
Carex_reuteriana_ssp_mauritanica|SPA|spm00003162;52.5
Carex_reuteriana_ssp_reuteriana|SPA|spm00003202;39
Carex_rhizina_ssp_rhizina|AUT|spm00002182;22.5
Carex_richardsonii|MRY|spm00001220;15
Carex_riloensis|BUL|spm00003599;6.15
Carex_riparia|GRB|NCBI_Blackstock_SM00004;65
Carex_rochebrunii|CHT|spm00006409;10
Carex_roraimensis||NCBI_Reznicek_3159;8
Carex_rorulenta|BAL|spm00003474;5
Carex_rostrata|WAS|spm00001600;50
Carex_rotundata|MAN|spm00001749;13.5
Carex_rufina||NCBI_Anderberg_80;12.5
Carex_rufulistolon|EHM|spm00005833;10
Carex_runssoroensis|UGA|spm00000227;0
Carex_rupestris|FRA|spm00005213;0
Carex_salina|QUE|spm00001953;20.5
Carex_sartwellii|BRC|spm00001982;7.1
Carex_satsumensis|TAI|spm00005838;8.5
Carex_saxatilis|UTA|spm00001223;13.5
Carex_scabrata|QUE|NCBI_Waterway_3706;32.5
Carex_scabriuscula|CAL|spm00001246;27.5
Carex_scaposa|CHC|spm00007891;9.5
Carex_schweickerdtii|NAT|spm00007770;50
Carex_scirpoidea_ssp_scirpoidea|ASK|spm00001248;12.5
Carex_scoparia|MAI|spm00001255;11.5
Carex_scopulorum_var_bracteosa|YUK|spm00006477;17.5
Carex_scopulorum_var_prionophylla|WAS|spm00004556;17.5
Carex_secalina|HUN|spm00004542;12
Carex_sempervirens_ssp_sempervirens|SWI|spm00000540;15
Carex_seorsa|DEL|spm00001242;6.8
Carex_shimidzensis|JAP|NCBI_AUTHOR_Senni_591;55
Carex_shinnersii|TEN|spm00001225;15
Carex_siderosticta||spm00007900;22.5
Carex_silicea|DEL|spm00001232;15
Carex_silvestris||spm00004421;0
Carex_simensis|UGA|spm00000233;40
Carex_simpliciuscula|CHT|spm00003402;7
Carex_simulata|CAL|spm00001284;20
Carex_sociata|JAP|spm00006686;27.5
Carex_songorica|TZK|spm00003384;30
Carex_sordida|CHM|spm00004515;20
Carex_sparganioides|DEL|spm00001289;90
Carex_speciosa_ssp_speciosa|EHM|spm00005853;25
Carex_spectabilis|BRC|spm00001979;14
Carex_spicata_ssp_spicata|BUL|spm00001272;7.5
Carex_spinirostris|NZ|NCBI_AUTHOR_Gardner_323;50
Carex_sprengelii|NBR|spm00001766;22.5
Carex_squarrosa|ARK|spm00001281;23
Carex_stenantha_var_taisetsuensis|SAK|spm00006798;11
Carex_stenocarpa|CHC|spm00003385;13
Carex_stenophylla|HUN|spm00002178;6.5
Carex_stenostachys|JAP|spm00006689;20
Carex_straminea|DEL|spm00001252;11.5
Carex_striatula|DEL|spm00001264;42
Carex_stricta|TEX|spm00001296;62
Carex_strictissima|NZS|spm00004413;0
Carex_strigosa|AUT|spm00003302;60
Carex_styloflexa|GEO|spm00001299;7.5
Carex_stylosa|NFL|spm00001490;13.5
Carex_subbracteata|CAL|spm00001955;9.15
Carex_subcapitata|CH|NCBI_Jin_2301;6
Carex_suberecta|ARK|spm00001559;9.5
Carex_subfusca|CAL|spm00001868;8
Carex_subspathacea||NCBI_Reznicek_3165;9.5
Carex_subtilis||spm00004415;0
Carex_subviridis||spm00004429;0
Carex_supina_var_spaniocarpa|ASK|spm00001794;10
Carex_supina_var_supina|TCS|spm00006391;6.5
Carex_swanii|ARK|spm00001304;10
Carex_sychnocephala|ONT|spm00001900;13
Carex_sylvatica|WAS|spm00001590;37.5
Carex_tenera|MAN|spm00001750;7
Carex_tenuiflora|MAN|spm00001313;6.5
Carex_testacea|NZ|NCBI_AUTHOR_Gardner_291;1.5
Carex_tetanica|MAN|spm00001314;23
Carex_tetrastachya|TEX|spm00001269;14.5
Carex_thornei|FLA|spm00000659;13
Carex_thunbergii||NCBI_Semsrott_3381;25
Carex_tincta|MAI|spm00001342;7.5
Carex_tomentosa|SPA|spm00000568;10
Carex_tonsa||spm00001317;7
Carex_torreyi|COL|spm00001708;9
Carex_torta||NCBI_Dragon_1288;57.5
Carex_traiziscana|JAP|spm00006095;6.5
Carex_tribuloides_var_sangamonensis|MSI|spm00002714;9
Carex_tribuloides_var_tribuloides|SCA|spm00001323;9
Carex_tricolor|BUL|spm00003600;6.5
Carex_trifida|NZ|NCBI_AUTHOR_Gardner_292;72.5
Carex_trinervis|SPA|spm00003778;25
Carex_trisperma_var_trisperma|GNL|spm00006097;5
Carex_tristachya_var_pocilliformis|KOR|spm00000352;15
Carex_tristachya_var_tristachya|CHS|spm00000132;17.5
Carex_tristis|IRN|spm00000599;14
Carex_troodi|CYP|spm00004356;11.5
Carex_tsushimensis|KOR|spm00000353;35
Carex_tumidula|JAP|NCBI_Seki_3378;35
Carex_typhina|LOU|spm00001330;26.5
Carex_uhligii|NAT|spm00003194;13
Carex_umbellata|DEL|spm00001376;7
Carex_umbricola||spm00005220;0
Carex_umbrosa_ssp_huetiana|TCS|spm00003480;8.5
Carex_umbrosa_ssp_sabynensis||NCBI_Murray_2912;6.5
Carex_uncifolia|NZ|NCBI_AUTHOR_Gardner_303;5
Carex_uncinata|NZN|spm00005112;0
Carex_ursina|YUK|spm00001975;0
Carex_ussuriensis|CHS|spm00000533;7.5
Carex_utriculata|ASK|spm00001379;60
Carex_vaginata|YUK|spm00001974;19
Carex_ventosa|NZ|NCBI_AUTHOR_Gardner_312;57.5
Carex_vesicaria|DEL|spm00001360;30
Carex_vesicata||NCBI_AUTHOR_Shekhovtsov_614;30
Carex_vexans|FLA|spm00001366;14
Carex_viridula|WAS|spm00004568;10.75
Carex_vixdentata|AGE|spm00002963;21
Carex_vulpina|GER|NCBI_HMH_2086;50
Carex_wahuensis_ssp_robusta||NCBI_Amano_SM00027;40
Carex_waponahkikensis|MAI|spm00002632;11.5
Carex_williamsii|YUK|spm00001969;7
Carex_woodii|IOW|spm00001790;22.5
Carex_xerantica|ONT|spm00001913;10.5
Carex_xiphium|KOR|NCBI_Jung_2387;15
Carex_zotovii||spm00004411;0
